<?xml version="1.0" encoding="utf-8" ?>
<Defs>
  <DamageDef>
    <defName>PlasmaCut</defName>
    <workerClass>DamageWorker_AddInjury</workerClass>
    <label>plasma cut</label>
    <hasForcefulImpact>false</hasForcefulImpact>
    <makesBlood>false</makesBlood>
    <externalViolence>true</externalViolence>
    <deathMessage>{0} has been cut to death.</deathMessage>
    <hediff>Burn</hediff>
    <impactSoundType>Electric</impactSoundType>
    <armorCategory>Heat</armorCategory>
    <minDamageToFragment>15</minDamageToFragment>
    <defaultDamage>10</defaultDamage>
    <defaultArmorPenetration>0</defaultArmorPenetration>
    <combatLogRules>Damage_Flame</combatLogRules>
    <canUseDeflectMetalEffect>false</canUseDeflectMetalEffect>
  </DamageDef>
  
  <DamageDef>
    <defName>PlasmaBullet</defName>
    <label>plasma bullet</label>
    <workerClass>DamageWorker_AddInjury</workerClass>
    <externalViolence>true</externalViolence>
    <deathMessage>{0} has shot to death.</deathMessage>
    <hediff>Burn</hediff>
    <harmAllLayersUntilOutside>true</harmAllLayersUntilOutside>
    <impactSoundType>Electric</impactSoundType>
    <armorCategory>Heat</armorCategory>
    <overkillPctToDestroyPart>0~0.7</overkillPctToDestroyPart>
    <isRanged>true</isRanged>
    <makesAnimalsFlee>true</makesAnimalsFlee>
  </DamageDef>
  
  <DamageDef ParentName="Bomb">
    <defName>PlasmaBomb</defName>
    <label>plasma bomb</label>
    <hediff>Burn</hediff>
    <hediffSolid>Burn</hediffSolid>
    <harmAllLayersUntilOutside>true</harmAllLayersUntilOutside>
    <impactSoundType>Electric</impactSoundType>
    <armorCategory>Heat</armorCategory>
    <defaultArmorPenetration>0</defaultArmorPenetration>
    <explosionAffectOutsidePartsOnly>true</explosionAffectOutsidePartsOnly>
    <explosionHeatEnergyPerCell>15</explosionHeatEnergyPerCell>
    <explosionCellMote>Mote_BlastDry</explosionCellMote>
    <explosionColorCenter>(1, 0.5, 0.3)</explosionColorCenter>
    <explosionColorEdge>(0.6, 0.5, 0.4)</explosionColorEdge>
    <soundExplosion>Explosion_Bomb</soundExplosion>
    <combatLogRules>Damage_Bomb</combatLogRules>
  </DamageDef>
  
  <DamageDef ParentName="StunBase">
		<defName>EMPOrb</defName>
		<label>energy orb</label>
		<externalViolence>true</externalViolence>
		<deathMessage>{0} has been EMPed to death.</deathMessage>
		<harmsHealth>false</harmsHealth>
		<impactSoundType>Electric</impactSoundType>
		<defaultDamage>50</defaultDamage>
		<explosionSnowMeltAmount>0</explosionSnowMeltAmount>
		<explosionCellMote>Mote_BlastEMP</explosionCellMote>
		<explosionColorEdge>(0.8, 0.8, 0.8, 0.8)</explosionColorEdge>
		<explosionInteriorMote>Mote_ElectricalSpark</explosionInteriorMote>
		<soundExplosion>Explosion_EMP</soundExplosion>
		<combatLogRules>Damage_EMP</combatLogRules>
	</DamageDef>
</Defs>
