﻿<?xml version="1.0" encoding="utf-8" ?>
<Defs>
  <HediffDef ParentName="DiseaseBase">
    <defName>AvaliDroneDeactivate</defName>
    <label>deactivated</label>
    <description>Drone deactivated.</description>
    <defaultLabelColor>(255, 255, 255)</defaultLabelColor>
    <scenarioCanAdd>false</scenarioCanAdd>
    <stages>
      <li>
        <capMods>
          <li>
            <capacity>Consciousness</capacity>
            <setMax>0.01</setMax>
          </li>
          <li>
            <capacity>Sight</capacity>
            <setMax>0</setMax>
          </li>
          <li>
            <capacity>Hearing</capacity>
            <setMax>0</setMax>
          </li>
        </capMods>
      </li>
    </stages>
  </HediffDef>
</Defs>