﻿<?xml version="1.0" encoding="utf-8" ?>
<Defs>
  <ThingDef ParentName="BuildingBase">
    <defName>AvaliPowerConduit</defName>
    <label>insulated power conduit</label>
    <description>A set of electrical cables unsulated with nanocanvas weave. Can be placed under walls and other buildings. Does not short-circuit in rain.</description>
    <thingClass>Building</thingClass>
    <category>Building</category>
    <graphicData>
      <texPath>Things/Building/Power/AvaliPowerConduit_Atlas</texPath>
      <graphicClass>Graphic_Single</graphicClass>
      <linkType>Transmitter</linkType>
      <linkFlags>
        <li>PowerConduit</li>
      </linkFlags>
      <damageData>
        <rect>(0,0.35,1,0.3)</rect>
      </damageData>
    </graphicData>
    <uiIconPath>Things/Building/Power/AvaliPowerConduit_MenuIcon</uiIconPath>
    <building>
			<ai_chillDestination>false</ai_chillDestination>
			<isInert>true</isInert>
      <isEdifice>false</isEdifice>
      <blueprintGraphicData>
        <texPath>Things/Building/Linked/PowerConduit_Blueprint_Atlas</texPath>
      </blueprintGraphicData>
    </building>
    <altitudeLayer>FloorEmplacement</altitudeLayer>
    <passability>Standable</passability>
    <leaveResourcesWhenKilled>true</leaveResourcesWhenKilled>
    <killedLeavings>
      <Steel>1</Steel>
      <AvaliNanoFibre>1</AvaliNanoFibre>
    </killedLeavings>
    <statBases>
      <MaxHitPoints>80</MaxHitPoints>
      <WorkToBuild>35</WorkToBuild>
      <Flammability>1.0</Flammability>
      <Beauty>0</Beauty>
    </statBases>
    <placingDraggableDimensions>1</placingDraggableDimensions>
    <costList>
      <Steel>1</Steel>
      <AvaliNanoFibre>1</AvaliNanoFibre>
    </costList>
    <comps>
      <li Class="CompProperties_Power">
        <compClass>CompPowerTransmitter</compClass>
        <transmitsPower>true</transmitsPower>
        <shortCircuitInRain>false</shortCircuitInRain>
      </li>
    </comps>
    <placeWorkers>
      <li>PlaceWorker_Conduit</li>
    </placeWorkers>
    <rotatable>false</rotatable>
    <selectable>true</selectable>
    <neverMultiSelect>true</neverMultiSelect>
    <soundImpactDefault>BulletImpact_Metal</soundImpactDefault>
    <terrainAffordanceNeeded>Light</terrainAffordanceNeeded>
    <designationCategory>Power</designationCategory>
    <constructEffect>ConstructMetal</constructEffect>
    <clearBuildingArea>false</clearBuildingArea>
    <designationHotKey>Misc1</designationHotKey>
    <researchPrerequisites>
      <li>Electricity</li>
      <li>AvaliWeaving</li>
    </researchPrerequisites>
  </ThingDef>
</Defs>