﻿<?xml version="1.0" encoding="utf-8" ?>
<Defs>
  <ThingDef Name="AvaliBuildingBase" Abstract="True">
    <category>Building</category>
    <thingClass>Building</thingClass>
    <soundImpactDefault>BulletImpact_Metal</soundImpactDefault>
    <selectable>true</selectable>
    <drawerType>MapMeshAndRealTime</drawerType>
    <terrainAffordanceNeeded>Heavy</terrainAffordanceNeeded>
    <!-- <repairEffect>Repair</repairEffect> -->
    <leaveResourcesWhenKilled>false</leaveResourcesWhenKilled>
		<statBases>
			<SellPriceFactor>0.70</SellPriceFactor>
		</statBases>
  </ThingDef>
  
  
  <!--========================= Doors =============================-->
  
  <ThingDef ParentName="AvaliBuildingBase" Name="AvaliDoorBase" Abstract="True">
    <thingClass>Building_Door</thingClass>
    <category>Building</category>
    <altitudeLayer>DoorMoveable</altitudeLayer>
    <fillPercent>1</fillPercent>
    <useHitPoints>true</useHitPoints>
    <statBases>
      <MaxHitPoints>100</MaxHitPoints>
      <Flammability>1.0</Flammability>
    </statBases>
    <uiIconPath>Things/Building/Door/AvaliTentDoor_MenuIcon</uiIconPath>
    <leaveResourcesWhenKilled>false</leaveResourcesWhenKilled>
    <selectable>true</selectable>
    <tickerType>Normal</tickerType>
    <rotatable>false</rotatable>
    <designationCategory>Structure</designationCategory>
    <holdsRoof>true</holdsRoof>
    <staticSunShadowHeight>1.0</staticSunShadowHeight>
    <blockLight>true</blockLight>
    <drawerType>RealtimeOnly</drawerType>
    <building>
			<isInert>true</isInert>
			<canPlaceOverWall>true</canPlaceOverWall>
      <soundDoorOpenPowered>Door_OpenPowered</soundDoorOpenPowered>
      <soundDoorClosePowered>Door_ClosePowered</soundDoorClosePowered>
      <soundDoorOpenManual>Door_OpenManual</soundDoorOpenManual>
      <soundDoorCloseManual>Door_CloseManual</soundDoorCloseManual>
      <blueprintClass>Blueprint_Door</blueprintClass>
      <blueprintGraphicData>
        <texPath>Things/Building/Door/Door_Blueprint</texPath>
      </blueprintGraphicData>
    </building>
    <comps>
      <li Class="CompProperties_Forbiddable"/>
    </comps>
		<placeWorkers>
			<li>PlaceWorker_DoorLearnOpeningSpeed</li>
		</placeWorkers>
  </ThingDef>
  
  <!-- AvaliInterlockingDoor -->
  <ThingDef ParentName="AvaliDoorBase">
    <defName>AvaliInterlockingDoor</defName>
    <label>interlocking door</label>
    <description>A plain yet complex industrial door. Divides rooms. Powered operation allows people to move through the door without slowing down.</description>
    <statBases>
      <WorkToBuild>1100</WorkToBuild>
      <MaxHitPoints>500</MaxHitPoints>
      <Flammability>0</Flammability>
    </statBases>
    <graphicData>
      <texPath>Things/Building/Door/AvaliInterlockingDoor_Mover</texPath>
      <graphicClass>Graphic_Single</graphicClass>
      <damageData>
      <!--  no damage marks because they don't move with the door
        <rect>(0,0.12,1,0.76)</rect>-->
        <enabled>false</enabled>
      </damageData>
    </graphicData>
    <uiIconPath>Things/Building/Door/AvaliInterlockingDoor_MenuIcon</uiIconPath>
    <costList>
      <Steel>40</Steel>
      <Plasteel>10</Plasteel>
      <ComponentIndustrial>2</ComponentIndustrial>
    </costList>
    <comps>
      <li Class="CompProperties_Power">
        <compClass>CompPowerTrader</compClass>
        <basePowerConsumption>50</basePowerConsumption>
      </li>
      <li Class="CompProperties_Breakdownable"/>
    </comps>
    <repairEffect>Repair</repairEffect>
    <constructEffect>ConstructMetal</constructEffect>
    <researchPrerequisites>
      <li>Autodoors</li>
      <li>AvaliDoors</li>
    </researchPrerequisites>
    <designationHotKey>Misc2</designationHotKey>
  </ThingDef>
  
  <!-- AvaliPlatedDoor -->
  <ThingDef ParentName="AvaliDoorBase">
    <defName>AvaliPlatedDoor</defName>
    <label>plated door</label>
    <description>This looks like it could stop a railgun slug. Divides rooms. Powered operation allows people to move through the door without slowing down.</description>
    <statBases>
      <WorkToBuild>2200</WorkToBuild>
      <MaxHitPoints>1000</MaxHitPoints>
      <Flammability>0</Flammability>
    </statBases>
    <graphicData>
      <texPath>Things/Building/Door/AvaliPlatedDoor_Mover</texPath>
      <graphicClass>Graphic_Single</graphicClass>
      <damageData>
      <!--  no damage marks because they don't move with the door
        <rect>(0,0.12,1,0.76)</rect>-->
        <enabled>false</enabled>
      </damageData>
    </graphicData>
    <uiIconPath>Things/Building/Door/AvaliPlatedDoor_MenuIcon</uiIconPath>
    <costList>
      <Steel>10</Steel>
      <Plasteel>40</Plasteel>
      <ComponentIndustrial>2</ComponentIndustrial>
    </costList>
    <comps>
      <li Class="CompProperties_Power">
        <compClass>CompPowerTrader</compClass>
        <basePowerConsumption>100</basePowerConsumption>
      </li>
      <li Class="CompProperties_Breakdownable"/>
    </comps>
    <repairEffect>Repair</repairEffect>
    <constructEffect>ConstructMetal</constructEffect>
    <researchPrerequisites>
      <li>Autodoors</li>
      <li>AvaliDoors</li>
    </researchPrerequisites>
    <designationHotKey>Misc2</designationHotKey>
  </ThingDef>
  
  <!-- AvaliTentDoor -->
  <ThingDef ParentName="AvaliDoorBase">
    <defName>AvaliTentDoor</defName>
    <thingClass>Building_Door</thingClass>
    <label>tent door</label>
    <description>It almost doesn’t slow movement, but isn’t very durable.</description>
    <stuffCategories>
      <li>Fabric</li>
			<li>Leathery</li>
    </stuffCategories>
    <costStuffCount>10</costStuffCount>
    <statBases>
      <MaxHitPoints>25</MaxHitPoints>
      <WorkToBuild>100</WorkToBuild>
      <DoorOpenSpeed>10</DoorOpenSpeed>
    </statBases>
    <graphicData>
      <texPath>Things/Building/Door/AvaliTentDoor_Mover</texPath>
      <graphicClass>Graphic_Single</graphicClass>
      <damageData>
        <!--  no damage marks because they don't move with the door
        <rect>(0,0.12,1,0.76)</rect>-->
        <enabled>false</enabled>
      </damageData>
    </graphicData>
    <building>
      <blueprintGraphicData>
        <texPath>Things/Building/Door/AvaliTentDoor_Blueprint</texPath>
      </blueprintGraphicData>
    </building>
    <soundImpactDefault>BulletImpact_Ground</soundImpactDefault>
    <terrainAffordanceNeeded>Light</terrainAffordanceNeeded>
    <holdsRoof>false</holdsRoof>
    <designationHotKey>Misc1</designationHotKey>
  </ThingDef>
  
  <!--========================= Walls =============================-->
  
  <!-- AvaliTentWall -->
  <ThingDef ParentName="AvaliBuildingBase" Name="AvaliTentWall">
    <defName>AvaliTentWall</defName>
    <label>tent wall</label>
    <thingClass>Building</thingClass>
    <category>Building</category>
    <description>Not durable, but cheap and quick to build. Capable of holding up a roof.</description>
    <graphicData>
      <texPath>Things/Building/Wall/AvaliTentWall_Atlas</texPath>
      <graphicClass>Graphic_Single</graphicClass>
      <linkType>CornerFiller</linkType>
      <linkFlags>
        <li>Wall</li>
        <li>Rock</li>
      </linkFlags>
      <damageData>
        <cornerTL>Damage/Corner</cornerTL>
        <cornerTR>Damage/Corner</cornerTR>
        <cornerBL>Damage/Corner</cornerBL>
        <cornerBR>Damage/Corner</cornerBR>
        <edgeTop>Damage/Edge</edgeTop>
        <edgeBot>Damage/Edge</edgeBot>
        <edgeLeft>Damage/Edge</edgeLeft>
        <edgeRight>Damage/Edge</edgeRight>
      </damageData>
    </graphicData>
    <uiIconPath>Things/Building/Wall/AvaliTentWall_MenuIcon</uiIconPath>
    <statBases>
      <MaxHitPoints>50</MaxHitPoints>
      <WorkToBuild>50</WorkToBuild>
    </statBases>
    <stuffCategories>
      <li>Fabric</li>
			<li>Leathery</li>
    </stuffCategories>
    <costStuffCount>5</costStuffCount>
    <altitudeLayer>Building</altitudeLayer>
    <passability>Impassable</passability>
    <blockWind>true</blockWind>
    <castEdgeShadows>true</castEdgeShadows>
    <fillPercent>1</fillPercent>
    <coversFloor>true</coversFloor>
    <placingDraggableDimensions>1</placingDraggableDimensions>
    <tickerType>Never</tickerType>
    <rotatable>false</rotatable>
    <selectable>true</selectable>
    <neverMultiSelect>true</neverMultiSelect>
    <terrainAffordanceNeeded>Light</terrainAffordanceNeeded>
    <holdsRoof>true</holdsRoof>
    <designationCategory>Structure</designationCategory>
    <staticSunShadowHeight>1.0</staticSunShadowHeight>
    <blockLight>true</blockLight>
    <canOverlapZones>true</canOverlapZones>
    <building>
      <isInert>true</isInert>
      <blueprintGraphicData>
        <texPath>Things/Building/Linked/Wall_Blueprint_Atlas</texPath>
      </blueprintGraphicData>
    </building>
    <damageMultipliers>
      <li>
        <damageDef>Bomb</damageDef>
        <multiplier>2</multiplier>
      </li>
    </damageMultipliers>
    <soundImpactDefault>BulletImpact_Ground</soundImpactDefault>
    <designationHotKey>Misc3</designationHotKey>
  </ThingDef>
  
  <!-- AvaliPlainWall -->
  <ThingDef ParentName="AvaliBuildingBase">
    <defName>AvaliPlainWall</defName>
    <label>plain wall</label>
    <thingClass>Building</thingClass>
    <category>Building</category>
    <description>An impassable wall. Capable of holding up a roof.</description>
    <graphicData>
      <texPath>Things/Building/Wall/AvaliPlainWall_Atlas</texPath>
      <graphicClass>Graphic_Single</graphicClass>
      <linkType>CornerFiller</linkType>
      <linkFlags>
        <li>Wall</li>
        <li>Rock</li>
      </linkFlags>
      <damageData>
        <cornerTL>Damage/Corner</cornerTL>
        <cornerTR>Damage/Corner</cornerTR>
        <cornerBL>Damage/Corner</cornerBL>
        <cornerBR>Damage/Corner</cornerBR>
        <edgeTop>Damage/Edge</edgeTop>
        <edgeBot>Damage/Edge</edgeBot>
        <edgeLeft>Damage/Edge</edgeLeft>
        <edgeRight>Damage/Edge</edgeRight>
      </damageData>
    </graphicData>
    <uiIconPath>Things/Building/Wall/AvaliPlainWall_MenuIcon</uiIconPath>
    <statBases>
      <MaxHitPoints>350</MaxHitPoints>
      <WorkToBuild>135</WorkToBuild>
      <Flammability>0.2</Flammability>
    </statBases>
    <costList>
      <Steel>5</Steel>
    </costList>
    <altitudeLayer>Building</altitudeLayer>
    <passability>Impassable</passability>
    <blockWind>true</blockWind>
    <castEdgeShadows>true</castEdgeShadows>
    <fillPercent>1</fillPercent>
    <coversFloor>true</coversFloor>
    <placingDraggableDimensions>1</placingDraggableDimensions>
    <tickerType>Never</tickerType>
    <rotatable>false</rotatable>
    <selectable>true</selectable>
    <neverMultiSelect>true</neverMultiSelect>
    <terrainAffordanceNeeded>Medium</terrainAffordanceNeeded>
    <holdsRoof>true</holdsRoof>
    <designationCategory>Structure</designationCategory>
    <staticSunShadowHeight>1.0</staticSunShadowHeight>
    <blockLight>true</blockLight>
    <canOverlapZones>true</canOverlapZones>
    <building>
      <isInert>true</isInert>
      <blueprintGraphicData>
        <texPath>Things/Building/Linked/Wall_Blueprint_Atlas</texPath>
      </blueprintGraphicData>
    </building>
    <damageMultipliers>
      <li>
        <damageDef>Bomb</damageDef>
        <multiplier>2</multiplier>
      </li>
    </damageMultipliers>
    <soundImpactDefault>BulletImpact_Metal</soundImpactDefault>
    <designationHotKey>Misc3</designationHotKey>
    <researchPrerequisites>
      <li>AvaliPrinting</li>
    </researchPrerequisites>
  </ThingDef>
  
  <!-- AvaliAerogelWall -->
  <ThingDef ParentName="AvaliBuildingBase">
    <defName>AvaliAerogelWall</defName>
    <label>aerogel wall</label>
    <thingClass>Building</thingClass>
    <category>Building</category>
    <description>By strength as steel but quick to build and orange. Capable of holding up a roof and pass light through.</description>
    <graphicData>
      <texPath>Things/Building/Wall/AvaliAerogelWall_Atlas</texPath>
      <graphicClass>Graphic_Single</graphicClass>
      <linkType>CornerFiller</linkType>
      <linkFlags>
        <li>Wall</li>
        <li>Rock</li>
      </linkFlags>
      <damageData>
        <cornerTL>Damage/Corner</cornerTL>
        <cornerTR>Damage/Corner</cornerTR>
        <cornerBL>Damage/Corner</cornerBL>
        <cornerBR>Damage/Corner</cornerBR>
        <edgeTop>Damage/Edge</edgeTop>
        <edgeBot>Damage/Edge</edgeBot>
        <edgeLeft>Damage/Edge</edgeLeft>
        <edgeRight>Damage/Edge</edgeRight>
      </damageData>
    </graphicData>
    <uiIconPath>Things/Building/Wall/AvaliAerogelWall_MenuIcon</uiIconPath>
    <statBases>
      <MaxHitPoints>300</MaxHitPoints>
      <WorkToBuild>50</WorkToBuild>
      <Flammability>0.2</Flammability>
    </statBases>
    <costList>
      <AvaliAerogel>5</AvaliAerogel>
    </costList>
    <altitudeLayer>Building</altitudeLayer>
    <passability>Impassable</passability>
    <blockWind>true</blockWind>
    <castEdgeShadows>false</castEdgeShadows>
    <fillPercent>1</fillPercent>
    <coversFloor>true</coversFloor>
    <placingDraggableDimensions>1</placingDraggableDimensions>
    <tickerType>Never</tickerType>
    <rotatable>false</rotatable>
    <selectable>true</selectable>
    <neverMultiSelect>true</neverMultiSelect>
    <terrainAffordanceNeeded>Light</terrainAffordanceNeeded>
    <holdsRoof>true</holdsRoof>
    <designationCategory>Structure</designationCategory>
    <!-- <staticSunShadowHeight>1.0</staticSunShadowHeight> -->
    <blockLight>false</blockLight>
    <canOverlapZones>true</canOverlapZones>
    <building>
      <isInert>true</isInert>
      <blueprintGraphicData>
        <texPath>Things/Building/Linked/Wall_Blueprint_Atlas</texPath>
      </blueprintGraphicData>
    </building>
    <damageMultipliers>
      <li>
        <damageDef>Bomb</damageDef>
        <multiplier>2</multiplier>
      </li>
    </damageMultipliers>
    <constructEffect>ConstructDirt</constructEffect>
    <soundImpactDefault>BulletImpact_Metal</soundImpactDefault>
    <designationHotKey>Misc3</designationHotKey>
    <leaveResourcesWhenKilled>false</leaveResourcesWhenKilled>
    <researchPrerequisites>
      <li>AvaliAerogel</li>
    </researchPrerequisites>
  </ThingDef>
</Defs>