﻿<?xml version="1.0" encoding="utf-8" ?>
<Defs>
  <!-- AvaliSleepingRoomImpressiveness -->
  <ThoughtDef>
    <defName>AvaliSleepingRoomImpressiveness</defName>
    <durationDays>1</durationDays>
    <stackLimit>1</stackLimit>
    <stages>
      <li>
        <label>awful sleeping room</label>
        <description>My sleeping room is an awful place.</description>
        <baseMoodEffect>-4</baseMoodEffect>
      </li>
      <li>
        <label>dull sleeping room</label>
        <description>My sleeping room is a dull place.</description>
        <baseMoodEffect>-2</baseMoodEffect>
      </li>
      <li>
        <label>mediocre sleeping room</label>
        <description>My sleeping room is a mediocre place.</description>
        <baseMoodEffect>0</baseMoodEffect>
      </li>
      <li>
        <label>decent sleeping room</label>
        <description>My sleeping room is very interesting. I like it.</description>
        <baseMoodEffect>2</baseMoodEffect>
      </li>
      <li>
        <label>slightly impressive sleeping room</label>
        <description>My sleeping room is actually slightly impressive. I like it.</description>
        <baseMoodEffect>3</baseMoodEffect>
      </li>
      <li>
        <label>impressive sleeping room</label>
        <description>My sleeping room is impressive. I love it!</description>
        <baseMoodEffect>4</baseMoodEffect>
      </li>
      <li>
        <label>very impressive sleeping room</label>
        <description>My sleeping room is very impressive. This is the best place ever!</description>
        <baseMoodEffect>5</baseMoodEffect>
      </li>
      <li>
        <label>extremely impressive sleeping room</label>
        <description>My sleeping room is extremely impressive. This is the best place ever!</description>
        <baseMoodEffect>6</baseMoodEffect>
      </li>
      <li>
        <label>unbelievably impressive sleeping room</label>
        <description>My sleeping room is unbelievably impressive. This is the best place ever!</description>
        <baseMoodEffect>7</baseMoodEffect>
      </li>
      <li>
        <label>wondrously impressive sleeping room</label>
        <description>My sleeping room is the best place one can ever imagine. It's wonderful.</description>
        <baseMoodEffect>8</baseMoodEffect>
      </li>
    </stages>
  </ThoughtDef>
  
  <!-- AvaliPackSleepingRoomRelations -->
  <ThoughtDef>
    <defName>AvaliPackSleepingRoomRelations</defName>
    <durationDays>1</durationDays>
    <stackLimit>1</stackLimit>
    <stages>
      <li>
        <label>slept with pack</label>
        <description>With my packmate I'll never feel lonely.</description>
        <baseMoodEffect>1</baseMoodEffect>
      </li>
      <li>
        <label>slept with pack</label>
        <description>With my packmates I'll never feel lonely.</description>
        <baseMoodEffect>2</baseMoodEffect>
      </li>
      <li>
        <label>slept with pack</label>
        <description>With my packmates I'll never feel lonely.</description>
        <baseMoodEffect>3</baseMoodEffect>
      </li>
      <li>
        <label>slept with pack</label>
        <description>With my packmates I'll never feel lonely.</description>
        <baseMoodEffect>4</baseMoodEffect>
      </li>
      <li>
        <label>slept with pack</label>
        <description>With my packmates I'll never feel lonely.</description>
        <baseMoodEffect>5</baseMoodEffect>
      </li>
    </stages>
  </ThoughtDef>
</Defs>