{ 
    "folders": {
        "1.1" : {
            "About": "./About",
            "Assemblies": "./Assemblies",
            "Defs": "./1.1/Defs",
            "Textures": "./Textures",
            "Sounds": "./Sounds",
            "Patches": "./1.1/Patches",
            "DefReferences": [
                "path/to/defs" 
            ],
            "AssemblyReferences": [
                "path/to/assemblies/Assembly-CSharp.dll",
                "your/mod/assembly.dll"
            ]
        },
        "1.2" : {
            "About": "./About",
            "Assemblies": "./Assemblies",
            "Defs": "./1.2/Defs",
            "Textures": "./Textures",
            "Sounds": "./Sounds",
            "Patches": "./1.2/Patches"
        }
    }
}