﻿<?xml version="1.0" encoding="utf-8"?>
<Defs>
  <TraderKindDef>
    <defName>Base_Avali_Standard</defName>
    <stockGenerators>
      
      <!-- Resources -->
      <li Class="StockGenerator_SingleDef">
        <thingDef>Silver</thingDef>
        <countRange>800~3000</countRange>
      </li>
      
      <li Class="StockGenerator_SingleDef">
        <thingDef>AvaliGraphene</thingDef>
        <countRange>200~400</countRange>
      </li>
       <li Class="StockGenerator_SingleDef">
        <thingDef>AvaliNanoFibre</thingDef>
        <countRange>400~600</countRange>
      </li>
      <li Class="StockGenerator_SingleDef">
        <thingDef>AvaliAerogel</thingDef>
        <countRange>150~300</countRange>
      </li>
      
      <li Class="StockGenerator_SingleDef">
        <thingDef>ComponentIndustrial</thingDef>
        <countRange>20~100</countRange>
      </li>
      <li Class="StockGenerator_SingleDef">
        <thingDef>ComponentSpacer</thingDef>
        <countRange>15~25</countRange>
      </li>
      
      <li Class="StockGenerator_SingleDef">
        <thingDef>Steel</thingDef>
        <countRange>500~800</countRange>
      </li>
      <li Class="StockGenerator_SingleDef">
        <thingDef>Plasteel</thingDef>
        <countRange>100~500</countRange>
      </li>
      <li Class="StockGenerator_SingleDef">
        <thingDef>Uranium</thingDef>
        <countRange>40~200</countRange>
      </li>
      <li Class="StockGenerator_SingleDef">
        <thingDef>Gold</thingDef>
        <countRange>100~200</countRange>
      </li>
      
      <li Class="StockGenerator_SingleDef">
        <thingDef>Cloth</thingDef>
        <countRange>0~200</countRange>
      </li>
      
      <li Class="StockGenerator_Category">
        <categoryDef>Leathers</categoryDef>
        <thingDefCountRange>4~8</thingDefCountRange>
        <totalPriceRange>400~800</totalPriceRange>
      </li>
      
      <li Class="StockGenerator_SingleDef">
        <thingDef>Neutroamine</thingDef>
        <countRange>50~200</countRange>
      </li>
      
      <li Class="StockGenerator_SingleDef">
        <thingDef>MedicineIndustrial</thingDef>
        <countRange>15~50</countRange>
      </li>
      <li Class="StockGenerator_SingleDef">
        <thingDef>MedicineUltratech</thingDef>
        <countRange>5~25</countRange>
      </li>
      
      <li Class="StockGenerator_SingleDef">
        <thingDef>Chemfuel</thingDef>
        <countRange>300~500</countRange>
      </li>
      
      <li Class="StockGenerator_Category">
        <categoryDef>ResourcesRaw</categoryDef>
        <thingDefCountRange>2~4</thingDefCountRange>
        <totalPriceRange>400~800</totalPriceRange>
      </li>
      
      <li Class="StockGenerator_Category">
        <categoryDef>MeatRaw</categoryDef>
        <thingDefCountRange>2~4</thingDefCountRange>
        <totalPriceRange>400~800</totalPriceRange>
      </li>
      <li Class="StockGenerator_Category">
        <categoryDef>AvaliFoodMeals</categoryDef>
        <thingDefCountRange>4~8</thingDefCountRange>
        <countRange>12~50</countRange>
      </li>
      
      <li Class="StockGenerator_MultiDef">
        <thingDefs>
          <li>RawKiriFruits</li>
          <li>RawNakatiBarks</li>
          <li>RawPiruFlour</li>
        </thingDefs>
      </li>
      <li Class="StockGenerator_MultiDef">
        <thingDefs>
          <li>Kibble</li>
          <li>Pemmican</li>
        </thingDefs>
      </li>

      <!-- Drugs -->
      <li Class="StockGenerator_Category">
        <categoryDef>Drugs</categoryDef>
        <thingDefCountRange>3~4</thingDefCountRange>
        <totalPriceRange>700~1500</totalPriceRange>
      </li>
      <li Class="StockGenerator_SingleDef">
        <thingDef>ChateauAvalon</thingDef>
        <countRange>-40~100</countRange>
      </li>

      <!-- Techprints -->
      <li Class="StockGenerator_Techprints">
        <countChances>
          <li>
            <count>2</count>
            <chance>0.5</chance>
          </li>
          <li>
            <count>3</count>
            <chance>0.5</chance>
          </li>
        </countChances>
      </li>

      <!-- Weapons -->
      <li Class="StockGenerator_Tag">
        <tradeTag>AvaliMeleeWeapon</tradeTag>
        <thingDefCountRange>3~4</thingDefCountRange>
        <countRange>1~2</countRange>
      </li>
      <li Class="StockGenerator_WeaponsRanged">
        <countRange>1~2</countRange>
      </li>
      
      <li Class="StockGenerator_Tag">
        <tradeTag>AvaliRangedWeapon</tradeTag>
        <thingDefCountRange>3~4</thingDefCountRange>
        <countRange>1~2</countRange>
      </li>
      <li Class="StockGenerator_Category">
        <categoryDef>WeaponsMelee</categoryDef>
        <thingDefCountRange>3~4</thingDefCountRange>
        <countRange>1~2</countRange>
      </li>
      
      <li Class="StockGenerator_Tag">
        <tradeTag>MortarShell</tradeTag>
        <thingDefCountRange>1~2</thingDefCountRange>
        <countRange>20~40</countRange>
      </li>
      
      <!-- Apparel -->
      <li Class="StockGenerator_Tag">
        <tradeTag>AvaliApparel</tradeTag>
        <thingDefCountRange>6~10</thingDefCountRange>
        <countRange>1~3</countRange>
      </li>
      <li Class="StockGenerator_Clothes">
        <countRange>6~10</countRange>
      </li>
      
      <li Class="StockGenerator_Tag">
        <tradeTag>AvaliArmor</tradeTag>
        <thingDefCountRange>3~4</thingDefCountRange>
        <countRange>1~2</countRange>
      </li>
      <li Class="StockGenerator_Armor">
        <countRange>1~4</countRange>
      </li>
      
      <li Class="StockGenerator_SingleDef">
        <thingDef>Apparel_ShieldBeltAvali</thingDef>
        <countRange>0~2</countRange>
      </li>
      <li Class="StockGenerator_SingleDef">
        <thingDef>Apparel_LifeSupportBeltAvali</thingDef>
        <countRange>1~4</countRange>
      </li>
      
      <!-- Implants -->
      <li Class="StockGenerator_Tag">
        <tradeTag>AvaliAugment</tradeTag>
        <thingDefCountRange>2~4</thingDefCountRange>
        <countRange>0~1</countRange>
      </li>
      
      <li Class="StockGenerator_Tag">
        <tradeTag>AvaliBodyPartArtificial</tradeTag>
        <thingDefCountRange>2~4</thingDefCountRange>
        <countRange>0~1</countRange>
      </li>
      
      <li Class="StockGenerator_Tag">
        <tradeTag>AvaliNanites</tradeTag>
        <thingDefCountRange>2~4</thingDefCountRange>
        <countRange>0~1</countRange>
      </li>
      
      <li Class="StockGenerator_Tag">
        <tradeTag>TechHediff</tradeTag>
        <thingDefCountRange>2~4</thingDefCountRange>
        <countRange>0~1</countRange>
      </li>

      <!-- Buildings -->
      <li Class="StockGenerator_Category">
        <categoryDef>BuildingsFurniture</categoryDef>
        <thingDefCountRange>3~4</thingDefCountRange>
        <countRange>1~2</countRange>
      </li>
      <li Class="StockGenerator_Art">
        <countRange>5~10</countRange>
      </li>
      <li Class="StockGenerator_Tag">
        <tradeTag>Television</tradeTag>
        <countRange>1~2</countRange>
      </li>
      <li Class="StockGenerator_SingleDef">
        <thingDef>Telescope</thingDef>
        <countRange>0~1</countRange>
      </li>

      <!-- Exotic -->
      <li Class="StockGenerator_Tag">
        <tradeTag>Artifact</tradeTag>
        <thingDefCountRange>1~4</thingDefCountRange>
        <countRange>1~1</countRange>
      </li>
      <li Class="StockGenerator_Tag">
        <tradeTag>ExoticMisc</tradeTag>
        <thingDefCountRange>1~4</thingDefCountRange>
        <countRange>1~2</countRange>
        <excludedThingDefs>
          <li>Luciferium</li> <!-- already handled by drugs -->
          <li>MedicineUltratech</li> <!-- already handled by single def -->
          <li>ComponentSpacer</li> <!-- already handled by single def -->
        </excludedThingDefs>
      </li>

      <!-- Animals -->
      <li Class="StockGenerator_Animals">
        <tradeTagsSell>
          <li>AnimalFarm</li>
          <li>AnimalPet</li>
        </tradeTagsSell>
        <tradeTagsBuy>
          <li>AnimalUncommon</li>
          <li>AnimalExotic</li>
        </tradeTagsBuy>
        <kindCountRange>2~4</kindCountRange>
        <countRange>3~8</countRange>
      </li>

      <!-- Buying -->
      <li Class="StockGenerator_BuyExpensiveSimple" />
      <li Class="StockGenerator_BuyTradeTag"><tag>Art</tag></li>
      <li Class="StockGenerator_BuyTradeTag"><tag>ImplantEmpireCommon</tag></li>
      <li Class="StockGenerator_BuyTradeTag"><tag>ImplantEmpireRoyal</tag></li>
    </stockGenerators>
  </TraderKindDef>

</Defs>