﻿<?xml version="1.0" encoding="utf-8"?>
<Defs>

  <TraderKindDef>
    <defName>Orbital_AvaliIlluminate</defName>
    <label>avali Illuminate trader</label>
    <orbital>true</orbital>
    <stockGenerators>
      <!-- Resources -->
      <li Class="StockGenerator_SingleDef">
        <thingDef>Silver</thingDef>
        <countRange>2000~4000</countRange>
      </li>
      
      <li Class="StockGenerator_SingleDef">
        <thingDef>AvaliGraphene</thingDef>
        <countRange>100~200</countRange>
      </li>
       <li Class="StockGenerator_SingleDef">
        <thingDef>AvaliNanoFibre</thingDef>
        <countRange>200~400</countRange>
      </li>
      <li Class="StockGenerator_SingleDef">
        <thingDef>AvaliAerogel</thingDef>
        <countRange>100~200</countRange>
      </li>
      
      <li Class="StockGenerator_SingleDef">
        <thingDef>ComponentIndustrial</thingDef>
        <countRange>20~40</countRange>
      </li>
      <li Class="StockGenerator_SingleDef">
        <thingDef>ComponentSpacer</thingDef>
        <countRange>10~20</countRange>
      </li>
      
      <li Class="StockGenerator_SingleDef">
        <thingDef>Steel</thingDef>
        <countRange>400~600</countRange>
      </li>
      <li Class="StockGenerator_SingleDef">
        <thingDef>Plasteel</thingDef>
        <countRange>200~400</countRange>
      </li>
      <li Class="StockGenerator_SingleDef">
        <thingDef>Gold</thingDef>
        <countRange>50~200</countRange>
      </li>
      
      <li Class="StockGenerator_Category">
        <categoryDef>Leathers</categoryDef>
        <thingDefCountRange>4~8</thingDefCountRange>
        <totalPriceRange>400~800</totalPriceRange>
      </li>
      
      <li Class="StockGenerator_SingleDef">
        <thingDef>Neutroamine</thingDef>
        <countRange>100~200</countRange>
      </li>
      
      <li Class="StockGenerator_SingleDef">
        <thingDef>MedicineIndustrial</thingDef>
        <countRange>10~20</countRange>
      </li>
      <li Class="StockGenerator_SingleDef">
        <thingDef>MedicineUltratech</thingDef>
        <countRange>5~10</countRange>
      </li>
      
      <li Class="StockGenerator_SingleDef">
        <thingDef>Chemfuel</thingDef>
        <countRange>200~600</countRange>
      </li>
      
      <li Class="StockGenerator_Category">
        <categoryDef>Textiles</categoryDef>
        <thingDefCountRange>1~2</thingDefCountRange>
        <totalPriceRange>2200~4000</totalPriceRange>
      </li>
      
      <li Class="StockGenerator_Category">
        <categoryDef>ResourcesRaw</categoryDef>
        <excludedThingDefs>
          <li>Silver</li>
        </excludedThingDefs>
        <thingDefCountRange>2~4</thingDefCountRange>
        <totalPriceRange>800~1500</totalPriceRange>
      </li>
      
      <li Class="StockGenerator_Category">
        <categoryDef>FoodRaw</categoryDef>
        <excludedCategories>
          <li>EggsFertilized</li>
        </excludedCategories>
        <thingDefCountRange>2~4</thingDefCountRange>
        <totalPriceRange>800~1500</totalPriceRange>
      </li>
      
      <li Class="StockGenerator_Category">
        <categoryDef>FoodMeals</categoryDef>
        <thingDefCountRange>1~2</thingDefCountRange>
        <countRange>15~30</countRange>
      </li>
      
      <li Class="StockGenerator_MultiDef">
        <thingDefs>
          <li>Kibble</li>
          <li>Pemmican</li>
        </thingDefs>
      </li>
      
      <!-- Drugs -->
      <li Class="StockGenerator_Category">
        <categoryDef>Drugs</categoryDef>
        <thingDefCountRange>2~4</thingDefCountRange>
        <totalPriceRange>1000~2000</totalPriceRange>
      </li>
      <li Class="StockGenerator_SingleDef">
        <thingDef>ChateauAvalon</thingDef>
        <countRange>-70~200</countRange>
      </li>
      
      <!-- Techprints -->
      <!-- none -->
      
      <!-- Weapons -->
      <li Class="StockGenerator_Tag">
        <tradeTag>AvaliMeleeWeapon</tradeTag>
        <thingDefCountRange>3~4</thingDefCountRange>
        <countRange>0~2</countRange>
      </li>
      
      <li Class="StockGenerator_Tag">
        <tradeTag>AvaliRangedWeapon</tradeTag>
        <thingDefCountRange>3~4</thingDefCountRange>
        <countRange>0~2</countRange>
      </li>
      
      <li Class="StockGenerator_Tag">
        <tradeTag>MortarShell</tradeTag>
        <thingDefCountRange>1~2</thingDefCountRange>
        <countRange>10~20</countRange>
      </li>
      
      <!-- Apparel -->
      <li Class="StockGenerator_Tag">
        <tradeTag>AvaliApparel</tradeTag>
        <thingDefCountRange>10~20</thingDefCountRange>
        <countRange>1~3</countRange>
      </li>
      <li Class="StockGenerator_Tag">
        <tradeTag>AvaliArmor</tradeTag>
        <thingDefCountRange>3~4</thingDefCountRange>
        <countRange>0~2</countRange>
      </li>
      <li Class="StockGenerator_SingleDef">
        <thingDef>Apparel_ShieldBeltAvali</thingDef>
        <countRange>0~1</countRange>
      </li>
      <li Class="StockGenerator_SingleDef">
        <thingDef>Apparel_LifeSupportBeltAvali</thingDef>
        <countRange>1~4</countRange>
      </li>
      
      <!-- Implants -->
      <li Class="StockGenerator_Tag">
        <tradeTag>AvaliAugment</tradeTag>
        <thingDefCountRange>2~4</thingDefCountRange>
        <countRange>0~1</countRange>
      </li>
      
      <li Class="StockGenerator_Tag">
        <tradeTag>AvaliBodyPartArtificial</tradeTag>
        <thingDefCountRange>2~4</thingDefCountRange>
        <countRange>0~1</countRange>
      </li>
      
      <li Class="StockGenerator_Tag">
        <tradeTag>AvaliNanites</tradeTag>
        <thingDefCountRange>2~4</thingDefCountRange>
        <countRange>0~1</countRange>
      </li>
      
      <!-- Buildings -->
      <!-- none -->
      
      <!-- Exotic -->
      <li Class="StockGenerator_Tag">
        <tradeTag>Artifact</tradeTag>
        <thingDefCountRange>1~2</thingDefCountRange>
        <countRange>1~1</countRange>
      </li>
      <li Class="StockGenerator_Tag">
        <tradeTag>ExoticMisc</tradeTag>
        <thingDefCountRange>1~4</thingDefCountRange>
        <countRange>1~2</countRange>
        <excludedThingDefs>
          <li>Luciferium</li> <!-- already handled by drugs -->
          <li>MedicineUltratech</li> <!-- already handled by single def -->
          <li>ComponentSpacer</li> <!-- already handled by single def -->
        </excludedThingDefs>
      </li>
      
      <!-- Slaves -->
      <!-- none -->
      
      <!-- Animals -->
      <li Class="StockGenerator_Animals">
        <maxWildness>0.70</maxWildness>
        <checkTemperature>false</checkTemperature>
        <tradeTagsSell>
          <li>AnimalFarm</li>
          <li>AnimalPet</li>
        </tradeTagsSell>
        <tradeTagsBuy>
          <li>AnimalExotic</li>
        </tradeTagsBuy>
        <kindCountRange>2~4</kindCountRange>
        <countRange>10~20</countRange>
      </li>
      
      <!-- Buying -->
      <li Class="StockGenerator_BuyExpensiveSimple" />
      <li Class="StockGenerator_BuyTradeTag"><tag>Art</tag></li>
      
    </stockGenerators>
  </TraderKindDef>

</Defs>