<?xml version="1.0" encoding="utf-8"?>
<ModMetaData>
	<name>Avali</name>
	<author>Erisss, FacePlus</author>
	<supportedVersions>
    <li>1.2</li>
  </supportedVersions>
  <packageId>Erisss.Avali</packageId>
	<description>Adds to the game Avali race - race of small fluffy nomadic pack hunters with bad temper and a specific comfort temperature range. 
&lt;color=orange&gt;Current version: 0.9.3.9 beta&lt;/color&gt;

Version for Rim World 1.0: https://mega.nz/#!6I0jFT7S!L2vgOLSEbYM70CGvW4wZX76Fx-Vk510Ovrubo8jmmCo

Description, FAQ, addons, bug reports, mod discussion on Steam page:
https://steamcommunity.com/sharedfiles/filedetails/?id=1314474881

Requires Humanoid Alien Races 2.0 ( https://steamcommunity.com/workshop/filedetails/?id=839005762 )
Load order: Humanoid Alien Races 2.0 -> Avali

C# and XML code by Erisss
Graphics by FacePlus
Avali race by RyuujinZERO

This mod was based on very early version of that http://steamcommunity.com/sharedfiles/filedetails/?id=1034393407 mod by Jaffer Roshak.
</description>
  <modDependencies>
    <li>
      <packageId>erdelf.HumanoidAlienRaces</packageId>
      <displayName>Humanoid Alien Races 2.0</displayName>
      <steamWorkshopUrl>steam://url/CommunityFilePage/839005762</steamWorkshopUrl>
    </li>
  </modDependencies>
  <loadBefore>
  </loadBefore>
  <loadAfter>
    <li>erdelf.HumanoidAlienRaces</li>
    <li>eagle0600.massCooking</li>
    <li>eagle0600.expandablePlants</li>
    <li>postrobcore.feedthecolonists</li>
	</loadAfter>
</ModMetaData>