﻿<?xml version="1.0" encoding="utf-8" ?>
<Defs>
  <ThingDef ParentName="LeatherBase">
    <defName>Leather_Avali</defName>
    <label>avali skin</label>
    <description>A soft furry pelt harvested from an Avali. It is quite delicate. Without its feathers, it provides little protection from heat or cold, but still pretty valuable.</description>
    <graphicData>
      <color>(128, 128, 128)</color>
    </graphicData>
    <statBases>
      <MarketValue>6</MarketValue>
      <StuffPower_Armor_Sharp>0.67</StuffPower_Armor_Sharp>
      <StuffPower_Armor_Blunt>0.14</StuffPower_Armor_Blunt>
      <StuffPower_Insulation_Cold>15</StuffPower_Insulation_Cold>
      <StuffPower_Insulation_Heat>15</StuffPower_Insulation_Heat>
    </statBases>
    <stuffProps>
      <color>(128, 128, 128)</color>
      <commonality>0.001</commonality>
      <statFactors>
        <MaxHitPoints>1.0</MaxHitPoints>
      </statFactors>
    </stuffProps>
  </ThingDef>
</Defs>
