﻿<?xml version="1.0" encoding="utf-8" ?>

<Defs>
  <FleshTypeDef>
    <defName>Avali</defName>
    <ateDirect>AteSentientSpecimenMeatDirect</ateDirect>
    <ateAsIngredient>AteSentientSpecimenMeatAsIngredient</ateAsIngredient>
    <corpseCategory>CorpsesAnimal</corpseCategory>
    <wounds>
      <li>
        <texture>Things/Avali/Wounds/WoundAvaliA</texture>
      </li>
      <li>
        <texture>Things/Avali/Wounds/WoundAvaliB</texture>
      </li>
      <li>
        <texture>Things/Avali/Wounds/WoundAvaliC</texture>
      </li>
    </wounds>
  </FleshTypeDef>
  
  <FleshTypeDef>
    <defName>AvaliDrone</defName>
    <corpseCategory>CorpsesMechanoid</corpseCategory>
    <wounds>
      <li>
        <texture>Things/Pawn/Wounds/WoundMechA</texture>
      </li>
      <li>
        <texture>Things/Pawn/Wounds/WoundMechB</texture>
      </li>
      <li>
        <texture>Things/Pawn/Wounds/WoundMechC</texture>
      </li>
    </wounds>
  </FleshTypeDef>
</Defs>
