﻿<?xml version="1.0" encoding="utf-8" ?>
<Defs>
  <MentalBreakDef>
    <defName>AvaliWanderInSilence</defName>
    <mentalState>AvaliWanderInSilence</mentalState>
    <baseCommonality>0.5</baseCommonality>
    <intensity>Minor</intensity>
  </MentalBreakDef>
  <MentalStateDef ParentName="BaseMentalState">
    <defName>AvaliWanderInSilence</defName>
    <stateClass>Avali.MentalState_WanderInSilence</stateClass>
    <label>wandering in silence</label>
    <category>Misc</category>
    <colonistsOnly>true</colonistsOnly>
    <minTicksBeforeRecovery>30000</minTicksBeforeRecovery>
    <recoveryMtbDays>0.3</recoveryMtbDays>
    <maxTicksBeforeRecovery>60000</maxTicksBeforeRecovery>
    <recoverFromSleep>true</recoverFromSleep>
    <moodRecoveryThought>Catharsis</moodRecoveryThought>
    <blockNormalThoughts>true</blockNormalThoughts>
    <nameColor>(0.65, 0.9, 0.93)</nameColor>
    <recoveryMessage>{0} is no longer wandering in silence.</recoveryMessage>
    <beginLetterLabel>wander in silence</beginLetterLabel>
    <beginLetter>{0} has broken down and is wandering around in silence.</beginLetter>
    <beginLetterDef>NegativeEvent</beginLetterDef>
    <baseInspectLine>Mental state: Wandering in silence</baseInspectLine>
    <allowBeatfire>true</allowBeatfire>
    <unspawnedCanDo>true</unspawnedCanDo>
    <escapingPrisonersIgnore>true</escapingPrisonersIgnore>
  </MentalStateDef>
</Defs>
