﻿<?xml version="1.0" encoding="utf-8" ?>
<Defs>
  
<LifeStageDef>
	<defName>BabyStageAvali</defName>
	<label>kit</label>
  <voxPitch>1</voxPitch>
  <voxVolume>1</voxVolume>
	<bodySizeFactor>0.2</bodySizeFactor>
	<healthScaleFactor>0.2</healthScaleFactor>
	<hungerRateFactor>0.2</hungerRateFactor>
	<marketValueFactor>0.5</marketValueFactor>
	<statFactors>
		<MoveSpeed>0.65</MoveSpeed>
	</statFactors>
  <visible>true</visible>
  <reproductive>false</reproductive>
</LifeStageDef>

<LifeStageDef>
	<defName>ChildStageAvali</defName>
	<label>kit</label>
  <voxPitch>1</voxPitch>
  <voxVolume>1</voxVolume>
	<bodySizeFactor>0.4</bodySizeFactor>
	<healthScaleFactor>0.4</healthScaleFactor>
	<hungerRateFactor>0.6</hungerRateFactor>
	<marketValueFactor>0.7</marketValueFactor>
	<statFactors>
		<MoveSpeed>0.65</MoveSpeed>
	</statFactors>
  <visible>true</visible>
  <reproductive>false</reproductive>
</LifeStageDef>
  
<LifeStageDef>
	<defName>TeenStageAvali</defName>
	<label>adult</label>
  <voxPitch>1</voxPitch>
  <voxVolume>1</voxVolume>
  <bodySizeFactor>0.5</bodySizeFactor>
	<healthScaleFactor>0.5</healthScaleFactor>
	<hungerRateFactor>0.8</hungerRateFactor>
	<marketValueFactor>0.9</marketValueFactor>
  <statFactors>
		<MoveSpeed>0.95</MoveSpeed>
	</statFactors>
	<visible>false</visible>
	<reproductive>false</reproductive>
</LifeStageDef>

<LifeStageDef>
	<defName>AdultStageAvali</defName>
	<label>adult</label>
	<visible>false</visible>
	<reproductive>true</reproductive>
</LifeStageDef>

<LifeStageDef>
	<defName>ElderStageAvali</defName>
	<label>elder</label>
	<visible>true</visible>
	<reproductive>true</reproductive>
</LifeStageDef>
  
<LifeStageDef>
	<defName>AncestorStageAvali</defName>
	<label>ancestor</label>
  <statFactors>
		<MoveSpeed>0.8</MoveSpeed>
	</statFactors>
	<visible>true</visible>
	<reproductive>true</reproductive>
</LifeStageDef>
</Defs>