﻿<?xml version="1.0" encoding="utf-8" ?>
<Defs>
  <ThingDef Name="AvaliRocket" ParentName="ResourceBase">
    <defName>AvaliRocket</defName>
    <label>avali rocket</label>
    <description>A unguided rocket filled with high explosives. Can be fired from avali 'Thrasher' turret. Explodes when damaged.</description>
    <graphicData>
      <texPath>Things/Items/Resource/AvaliRocket</texPath>
      <graphicClass>Graphic_StackCount</graphicClass>
    </graphicData>
    <comps>
      <li Class="CompProperties_Explosive">
        <explosiveRadius>2.9</explosiveRadius>
        <explosiveDamageType>Bomb</explosiveDamageType>
        <explosiveExpandPerStackcount>0.4</explosiveExpandPerStackcount>
        <startWickHitPointsPercent>0.7</startWickHitPointsPercent>
        <wickTicks>
          <min>30</min>
          <max>60</max>
        </wickTicks>
      </li>
    </comps>
    <!-- <projectileWhenLoaded>Bullet_Shell_HighExplosive</projectileWhenLoaded> -->
    <costList>
      <Steel>15</Steel>
      <Chemfuel>10</Chemfuel>
    </costList>
    <soundInteract>Metal_Drop</soundInteract>
    <soundDrop>Standard_Drop</soundDrop>
    <tickerType>Normal</tickerType>
    <stackLimit>20</stackLimit>
    <techLevel>Industrial</techLevel>
    <statBases>
      <MaxHitPoints>60</MaxHitPoints>
      <MarketValue>60</MarketValue>
      <Mass>1.25</Mass>
      <Flammability>1.0</Flammability>
      <DeteriorationRate>1.5</DeteriorationRate>
    </statBases>
    <recipeMaker>
      <workSpeedStat>GeneralLaborSpeed</workSpeedStat>
      <effectWorking>Cook</effectWorking>
      <soundWorking>Recipe_Machining</soundWorking>
      <workAmount>1000</workAmount>
      <targetCountAdjustment>5</targetCountAdjustment>
      <workSkill>Crafting</workSkill>
      <recipeUsers>
        <li>TableMachining</li>
        <li>AvaliNanolathe</li>
      </recipeUsers>
      <skillRequirements>
        <Crafting>5</Crafting>
      </skillRequirements>
      <researchPrerequisite>AvaliRocketLaunchers</researchPrerequisite>
    </recipeMaker>
    <thingCategories>
      <li>Manufactured</li>
    </thingCategories>
    <tradeTags>
      <li>AvaliRocket</li>
    </tradeTags>
  </ThingDef>
</Defs>
