<?xml version="1.0" encoding="utf-8" ?>
<Defs>

<ThingDef ParentName="BaseFilth">
	<defName>FilthBloodAvali</defName>
	<label>blood</label>
	<statBases>
		<Beauty>-10</Beauty>
		<Cleanliness>-5</Cleanliness>
	</statBases>
	<graphicData>
		<texPath>Things/Filth/Spatter</texPath>
		<color>(131, 43, 255, 180)</color>
	</graphicData>
	<filth>
		<rainWashes>true</rainWashes>
		<cleaningWorkToReduceThickness>45</cleaningWorkToReduceThickness>
		<canFilthAttach>true</canFilthAttach>
	</filth>
</ThingDef>  

</Defs>