﻿<?xml version="1.0" encoding="utf-8" ?>
<Defs>
  <ThingDef Name="AvaliBenchBase" ParentName="BuildingBase" Abstract="True">
    <canOverlapZones>false</canOverlapZones>
    <minifiedDef>MinifiedThing</minifiedDef>
    <terrainAffordanceNeeded>Medium</terrainAffordanceNeeded>
    <thingCategories>
      <li>BuildingsProduction</li>
    </thingCategories>
    <statBases>
      <Mass>20</Mass>
    </statBases>
    <interactionCellIcon>AvaliChair</interactionCellIcon>
    <comps>
      <li>
        <compClass>CompReportWorkSpeed</compClass>
      </li>
    </comps>
    <placeWorkers>
      <li>PlaceWorker_ReportWorkSpeedPenalties</li>
      <li>PlaceWorker_PreventInteractionSpotOverlap</li>
    </placeWorkers>
    <constructEffect>ConstructMetal</constructEffect>
  </ThingDef>
  
  <ThingDef ParentName="AvaliBenchBase">
    <defName>AvaliNanolathe</defName>
    <label>avali nanolathe</label>
    <description>A specialised, hybrid 3D printer used for bulk manufacturing.</description>
    <thingClass>Building_WorkTable</thingClass>
    <graphicData>
      <texPath>Things/Building/Production/AvaliNanolathe</texPath>
      <graphicClass>Graphic_Single</graphicClass>
      <drawSize>1.1</drawSize>
      <damageData>
        <rect>(0.05,0.05,0.9,0.9)</rect>
        <cornerTL>Damage/Corner</cornerTL>
        <cornerTR>Damage/Corner</cornerTR>
        <cornerBL>Damage/Corner</cornerBL>
        <cornerBR>Damage/Corner</cornerBR>
      </damageData>
    </graphicData>
    <uiIconPath>Things/Building/Production/AvaliNanolathe</uiIconPath>
    <costList>
      <Steel>150</Steel>
      <ComponentIndustrial>10</ComponentIndustrial>
    </costList>
    <altitudeLayer>Building</altitudeLayer>
    <fillPercent>0.5</fillPercent>
    <statBases>
      <MaxHitPoints>100</MaxHitPoints>
      <Flammability>1.0</Flammability>
      <WorkToBuild>2500</WorkToBuild>
      <Mass>10</Mass>
    </statBases>
		<useHitPoints>True</useHitPoints>
    <size>(1,1)</size>
    <designationCategory>Production</designationCategory>
    <passability>PassThroughOnly</passability>
    <pathCost>40</pathCost>
    <hasInteractionCell>True</hasInteractionCell>
    <interactionCellOffset>(0,0,-1)</interactionCellOffset>
    <surfaceType>Item</surfaceType>
    <terrainAffordanceNeeded>Light</terrainAffordanceNeeded>
    <recipes>
      <li>MakeAvaliAerogel</li>
      <li>MakePlasteel</li>
      <li>ButcherCorpseMechanoid</li>
    </recipes>
    <inspectorTabs>
      <li>ITab_Bills</li>
    </inspectorTabs>
    <building>
      <spawnedConceptLearnOpportunity>BillsTab</spawnedConceptLearnOpportunity>
    </building>
    <comps>
      <li Class="CompProperties_Power">
        <compClass>CompPowerTrader</compClass>
        <shortCircuitInRain>true</shortCircuitInRain>
        <basePowerConsumption>400</basePowerConsumption>
      </li>
      <li Class="CompProperties_Flickable"/>
      <li Class="CompProperties_AffectedByFacilities">
        <linkableFacilities>
          <li>ToolCabinet</li>
        </linkableFacilities>
      </li>
      <li Class="CompProperties_Breakdownable"/>
    </comps>
		<placeWorkers>
			<li>PlaceWorker_ShowFacilitiesConnections</li>
		</placeWorkers>
    <researchPrerequisites>
      <li>AvaliPrinting</li>
    </researchPrerequisites>
  </ThingDef>
  
  <ThingDef ParentName="AvaliBenchBase">
    <defName>AvaliNanoloom</defName>
    <label>avali nanoloom</label>
    <description>Is it a 3D printer? Is it a loom? No, it's... well, both basically.</description>
    <thingClass>Building_WorkTable</thingClass>
    <graphicData>
      <texPath>Things/Building/Production/AvaliNanoloom</texPath>
      <graphicClass>Graphic_Single</graphicClass>
      <drawSize>1.1</drawSize>
      <damageData>
        <rect>(0.05,0.05,0.9,0.9)</rect>
        <cornerTL>Damage/Corner</cornerTL>
        <cornerTR>Damage/Corner</cornerTR>
        <cornerBL>Damage/Corner</cornerBL>
        <cornerBR>Damage/Corner</cornerBR>
      </damageData>
    </graphicData>
    <uiIconPath>Things/Building/Production/AvaliNanoloom</uiIconPath>
    <costList>
      <Steel>100</Steel>
      <ComponentIndustrial>6</ComponentIndustrial>
    </costList>
    <altitudeLayer>Building</altitudeLayer>
    <fillPercent>0.5</fillPercent>
    <statBases>
      <MaxHitPoints>100</MaxHitPoints>
      <Flammability>1.0</Flammability>
      <WorkToBuild>2500</WorkToBuild>
      <Mass>10</Mass>
    </statBases>
		<useHitPoints>True</useHitPoints>
    <size>(1,1)</size>
    <designationCategory>Production</designationCategory>
    <passability>PassThroughOnly</passability>
    <pathCost>40</pathCost>
    <hasInteractionCell>True</hasInteractionCell>
    <interactionCellOffset>(0,0,-1)</interactionCellOffset>
    <surfaceType>Item</surfaceType>
    <terrainAffordanceNeeded>Light</terrainAffordanceNeeded>
    <recipes>
      <li>MakeAvaliGraphene</li>
      <li>MakeAvaliNanoFibre</li>
    </recipes>
    <inspectorTabs>
      <li>ITab_Bills</li>
    </inspectorTabs>
    <building>
      <spawnedConceptLearnOpportunity>BillsTab</spawnedConceptLearnOpportunity>
    </building>
    <comps>
      <li Class="CompProperties_Power">
        <compClass>CompPowerTrader</compClass>
        <shortCircuitInRain>true</shortCircuitInRain>
        <basePowerConsumption>200</basePowerConsumption>
      </li>
      <li Class="CompProperties_Flickable"/>
      <li Class="CompProperties_AffectedByFacilities">
        <linkableFacilities>
          <li>ToolCabinet</li>
        </linkableFacilities>
      </li>
      <li Class="CompProperties_Breakdownable"/>
    </comps>
		<placeWorkers>
			<li>PlaceWorker_ShowFacilitiesConnections</li>
		</placeWorkers>
    <researchPrerequisites>
      <li>AvaliWeaving</li>
    </researchPrerequisites>
  </ThingDef>
  
  <ThingDef ParentName="AvaliBenchBase">
    <defName>AvaliStove</defName>
    <label>avali cooker</label>
    <description>It's a combi gas-fan-microwave-oven-stove! Has increased cooking speed.</description>
    <thingClass>Building_WorkTable_HeatPush</thingClass>
    <graphicData>
      <texPath>Things/Building/Production/AvaliStove/AvaliStove</texPath>
      <graphicClass>Graphic_Multi</graphicClass>
      <drawSize>(2.4,1.3)</drawSize>
      <damageData>
        <cornerTL>Damage/Corner</cornerTL>
        <cornerTR>Damage/Corner</cornerTR>
        <cornerBL>Damage/Corner</cornerBL>
        <cornerBR>Damage/Corner</cornerBR>
      </damageData>
    </graphicData>
    <costList>
      <Steel>150</Steel>
      <ComponentIndustrial>6</ComponentIndustrial>
    </costList>
    <altitudeLayer>Building</altitudeLayer>
    <fillPercent>0.5</fillPercent>
    <statBases>
      <MaxHitPoints>120</MaxHitPoints>
      <Flammability>1.0</Flammability>
      <WorkToBuild>1200</WorkToBuild>
      <WorkTableWorkSpeedFactor>1.5</WorkTableWorkSpeedFactor>
      <Mass>15</Mass>
    </statBases>
		<useHitPoints>True</useHitPoints>
    <size>(2,1)</size>
    <designationCategory>Production</designationCategory>
    <passability>PassThroughOnly</passability>
    <pathCost>70</pathCost>
    <hasInteractionCell>True</hasInteractionCell>
    <interactionCellOffset>(0,0,-1)</interactionCellOffset>
    <surfaceType>Item</surfaceType>
    <recipes>
      <li>CookMealSimple</li>
			<li>CookMealFine</li>
			<li>CookMealLavish</li>
			<li>CookMealSurvival</li>
			<li>Make_Pemmican</li>
    </recipes>
    <inspectorTabs>
      <li>ITab_Bills</li>
    </inspectorTabs>
    <building>
      <isMealSource>true</isMealSource>
      <spawnedConceptLearnOpportunity>BillsTab</spawnedConceptLearnOpportunity>
      <heatPerTickWhileWorking>0.10</heatPerTickWhileWorking>
    </building>
    <comps>
      <li Class="CompProperties_Power">
        <compClass>CompPowerTrader</compClass>
        <shortCircuitInRain>true</shortCircuitInRain>
        <basePowerConsumption>200</basePowerConsumption>
      </li>
      <li Class="CompProperties_Flickable"/>
      <li Class="CompProperties_Breakdownable"/>
      <li Class="CompProperties_HeatPusher">
        <compClass>CompHeatPusherPowered</compClass>
        <heatPerSecond>3</heatPerSecond>
      </li>
    </comps>
    <researchPrerequisites>
      <li>AvaliPrinting</li>
    </researchPrerequisites>
  </ThingDef>
  
  <ThingDef ParentName="BuildingBase">
    <defName>AvaliAeroponics</defName>
    <label>Avali aeroponics tubing</label>
    <thingClass>Building_PlantGrower</thingClass>
    <description>These tubes transport a nutrient aerosol for growing plants indoors.</description>
    <minifiedDef>MinifiedThing</minifiedDef>
    <thingCategories>
      <li>BuildingsProduction</li>
    </thingCategories>
    <graphicData>
      <texPath>Things/Building/Production/AvaliAeroponics/AvaliAeroponics_Atlas</texPath>
      <graphicClass>Graphic_Single</graphicClass>
      <drawSize>1.0</drawSize>
      <linkType>CornerFiller</linkType>
      <linkFlags>
        <li>Custom1</li>
      </linkFlags>
      <damageData>
        <rect>(0.05,0.05,0.9,0.9)</rect>
        <cornerTL>Damage/Corner</cornerTL>
        <cornerTR>Damage/Corner</cornerTR>
        <cornerBL>Damage/Corner</cornerBL>
        <cornerBR>Damage/Corner</cornerBR>
      </damageData>
    </graphicData>
    <size>(1,1)</size>
    <uiIconPath>Things/Building/Production/AvaliAeroponics/AvaliAeroponics_MenuIcon</uiIconPath>
    <statBases>
      <MaxHitPoints>35</MaxHitPoints>
      <Flammability>1.0</Flammability>
      <WorkToBuild>500</WorkToBuild>
      <Mass>5</Mass>
    </statBases>
    <costList>
      <AvaliAerogel>5</AvaliAerogel>
      <Steel>10</Steel>
      <ComponentIndustrial>1</ComponentIndustrial>
    </costList>
    <leaveResourcesWhenKilled>false</leaveResourcesWhenKilled>
    <altitudeLayer>FloorEmplacement</altitudeLayer>
    <passability>Standable</passability>
    <pathCost>60</pathCost>
    <castEdgeShadows>true</castEdgeShadows>
    <fillPercent>0</fillPercent>
    <coversFloor>false</coversFloor>
    <placingDraggableDimensions>1</placingDraggableDimensions>
    <rotatable>false</rotatable>
    <selectable>true</selectable>
    <neverMultiSelect>false</neverMultiSelect>
    <holdsRoof>false</holdsRoof>
    <staticSunShadowHeight>1.0</staticSunShadowHeight>
    <canOverlapZones>false</canOverlapZones>
    <fertility>2.5</fertility>
    <building>
      <defaultPlantToGrow>Plant_Rice</defaultPlantToGrow>
      <sowTag>Hydroponic</sowTag>
    </building>
    <tickerType>Rare</tickerType>
    <comps>
      <li Class="CompProperties_Forbiddable"/>
      <li Class="CompProperties_Power">
        <compClass>CompPowerTrader</compClass>
        <transmitsPower>true</transmitsPower>
        <shortCircuitInRain>true</shortCircuitInRain>
        <basePowerConsumption>10</basePowerConsumption>
      </li>
      <li Class="CompProperties_Flickable"/>
      <li Class="CompProperties_Breakdownable"/>
    </comps>
    <researchPrerequisites>
      <li>AvaliAeroponics</li>
    </researchPrerequisites>
    <terrainAffordanceNeeded>Light</terrainAffordanceNeeded>
    <designationCategory>Production</designationCategory>
  </ThingDef>
</Defs>