﻿<?xml version="1.0" encoding="utf-8" ?>
<Defs>
<!--
  <StatDef Name="ArmorRatingBase" Abstract="True">
    <category>Apparel</category>
    <defaultBaseValue>0</defaultBaseValue>
    <minValue>0</minValue>
    <hideAtValue>0</hideAtValue>
    <toStringStyle>PercentOne</toStringStyle>
    <parts>
      <li Class="StatPart_Quality">
        <factorAwful>0.4</factorAwful>
        <factorShoddy>0.7</factorShoddy>
        <factorPoor>0.85</factorPoor>
        <factorNormal>1</factorNormal>
        <factorGood>1.1</factorGood>
        <factorSuperior>1.3</factorSuperior>
        <factorExcellent>1.5</factorExcellent>
        <factorMasterwork>1.7</factorMasterwork>
        <factorLegendary>2.1</factorLegendary>
      </li>
      <li Class="StatPart_Health">
        <curve>
          <points>
            <li>(0,0.25)</li>
            <li>(0.70,1)</li>
          </points>
        </curve>
      </li>
    </parts>
  </StatDef>
-->

  <StatDef ParentName="ArmorRatingBase">
    <defName>ArmorRating_Enviromental</defName>
    <label>Protection - Enviromental </label>
    <description>Protection against enviromental effects - toxins, radiation, gases, etc.</description>
  </StatDef>
</Defs>
